{
  "Profiles": [
    {
      "Name": "Personal",
      "Guid" : "60976B6A-DF67-4525-82B8-7914A4C17536",
      "Unlimited Scrollback" : true,
      "Terminal Type" : "xterm-256color",
      "Custom Directory" : "Recycle",
      "Use Bright Bold" : true,
      "Blinking Cursor" : false,
      "Non-ASCII Anti Aliased" : true,
      "ASCII Anti Aliased" : true,
      "Normal Font" : "Monaco 12",
      "Non Ascii Font" : "Monaco 12",
      "Use Italic Font" : true,
      "Use Non-ASCII Font" : false,
      "Character Encoding" : 4,
      "Ansi 0 Color" : {
        "Red Component" : 0.10196078431372549,
        "Color Space" : "sRGB",
        "Blue Component" : 0.10196078431372549,
        "Alpha Component" : 1,
        "Green Component" : 0.10196078431372549
      },
      "Ansi 1 Color" : {
        "Red Component" : 0.78823529411764703,
        "Color Space" : "sRGB",
        "Blue Component" : 0,
        "Alpha Component" : 1,
        "Green Component" : 0.10588235294117647
      },
      "Ansi 2 Color" : {
        "Red Component" : 0.011764705882352941,
        "Color Space" : "sRGB",
        "Blue Component" : 0.011764705882352941,
        "Alpha Component" : 1,
        "Green Component" : 0.66666666666666663
      },
      "Ansi 3 Color" : {
        "Red Component" : 0.69019607843137254,
        "Color Space" : "sRGB",
        "Blue Component" : 0.0039215686274509803,
        "Alpha Component" : 1,
        "Green Component" : 0.68235294117647061
      },
      "Ansi 4 Color" : {
        "Red Component" : 0.0039215686274509803,
        "Color Space" : "sRGB",
        "Blue Component" : 0.65098039215686276,
        "Alpha Component" : 1,
        "Green Component" : 0.11764705882352941
      },
      "Ansi 5 Color" : {
        "Green Component" : 0,
        "Blue Component" : 0.73333334922790527,
        "Red Component" : 0.73333334922790527
      },
      "Ansi 6 Color" : {
        "Red Component" : 0.0078431372549019607,
        "Color Space" : "sRGB",
        "Blue Component" : 0.59999999999999998,
        "Alpha Component" : 1,
        "Green Component" : 0.59607843137254901
      },
      "Ansi 7 Color" : {
        "Red Component" : 1,
        "Color Space" : "sRGB",
        "Blue Component" : 1,
        "Alpha Component" : 1,
        "Green Component" : 1
      },
      "Ansi 8 Color" : {
        "Red Component" : 0.38039215686274508,
        "Color Space" : "sRGB",
        "Blue Component" : 0.38039215686274508,
        "Alpha Component" : 1,
        "Green Component" : 0.38039215686274508
      },
      "Ansi 9 Color" : {
        "Green Component" : 0.3333333432674408,
        "Blue Component" : 0.3333333432674408,
        "Red Component" : 1
      },
      "Ansi 10 Color" : {
        "Red Component" : 0,
        "Color Space" : "sRGB",
        "Blue Component" : 0.039215686274509803,
        "Alpha Component" : 1,
        "Green Component" : 0.74901960784313726
      },
      "Ansi 11 Color" : {
        "Red Component" : 0.85882352941176465,
        "Color Space" : "sRGB",
        "Blue Component" : 0,
        "Alpha Component" : 1,
        "Green Component" : 0.84705882352941175
      },
      "Ansi 12 Color" : {
        "Red Component" : 0,
        "Color Space" : "sRGB",
        "Blue Component" : 0.85098039215686272,
        "Alpha Component" : 1,
        "Green Component" : 0.3843137254901961
      },
      "Ansi 13 Color" : {
        "Green Component" : 0.3333333432674408,
        "Blue Component" : 1,
        "Red Component" : 1
      },
      "Ansi 14 Color" : {
        "Red Component" : 0,
        "Color Space" : "sRGB",
        "Blue Component" : 0.78823529411764703,
        "Alpha Component" : 1,
        "Green Component" : 0.77647058823529413
      },
      "Ansi 15 Color" : {
        "Red Component" : 1,
        "Color Space" : "sRGB",
        "Blue Component" : 1,
        "Alpha Component" : 1,
        "Green Component" : 1
      },
      "Foreground Color" : {
        "Red Component" : 0.10196078431372549,
        "Color Space" : "sRGB",
        "Blue Component" : 0.10196078431372549,
        "Alpha Component" : 1,
        "Green Component" : 0.10196078431372549
      },
      "Background Color" : {
        "Red Component" : 0.93333333333333335,
        "Color Space" : "sRGB",
        "Blue Component" : 0.93333333333333335,
        "Alpha Component" : 1,
        "Green Component" : 0.93725490196078431
      },
      "Cursor Color" : {
        "Red Component" : 0.10196078431372549,
        "Color Space" : "sRGB",
        "Blue Component" : 0.10196078431372549,
        "Alpha Component" : 1,
        "Green Component" : 0.10196078431372549
      },
      "Cursor Text Color" : {
        "Red Component" : 0.93333333333333335,
        "Color Space" : "sRGB",
        "Blue Component" : 0.93333333333333335,
        "Alpha Component" : 1,
        "Green Component" : 0.93725490196078431
      },
      "Bold Color" : {
        "Red Component" : 0.10196078431372549,
        "Color Space" : "sRGB",
        "Blue Component" : 0.10196078431372549,
        "Alpha Component" : 1,
        "Green Component" : 0.10196078431372549
      },
      "Selection Color" : {
        "Green Component" : 0.8353000283241272,
        "Blue Component" : 1,
        "Red Component" : 0.70980000495910645
      },
      "Selected Text Color" : {
        "Green Component" : 0,
        "Blue Component" : 0,
        "Red Component" : 0
      },
      "Keyboard Map" : {
        "0xf700-0x260000" : {
          "Action" : 10,
          "Text" : "[1;6A"
        },
        "0x37-0x40000" : {
          "Action" : 11,
          "Text" : "0x1f"
        },
        "0x32-0x40000" : {
          "Action" : 11,
          "Text" : "0x00"
        },
        "0xf709-0x20000" : {
          "Action" : 10,
          "Text" : "[17;2~"
        },
        "0xf70c-0x20000" : {
          "Action" : 10,
          "Text" : "[20;2~"
        },
        "0xf729-0x20000" : {
          "Action" : 10,
          "Text" : "[1;2H"
        },
        "0xf72b-0x40000" : {
          "Action" : 10,
          "Text" : "[1;5F"
        },
        "0xf705-0x20000" : {
          "Action" : 10,
          "Text" : "[1;2Q"
        },
        "0xf703-0x260000" : {
          "Action" : 10,
          "Text" : "[1;6C"
        },
        "0xf700-0x220000" : {
          "Action" : 10,
          "Text" : "[1;2A"
        },
        "0x38-0x40000" : {
          "Action" : 11,
          "Text" : "0x7f"
        },
        "0x33-0x40000" : {
          "Action" : 11,
          "Text" : "0x1b"
        },
        "0xf703-0x220000" : {
          "Action" : 10,
          "Text" : "[1;2C"
        },
        "0xf701-0x240000" : {
          "Action" : 10,
          "Text" : "[1;5B"
        },
        "0xf70d-0x20000" : {
          "Action" : 10,
          "Text" : "[21;2~"
        },
        "0xf702-0x260000" : {
          "Action" : 10,
          "Text" : "[1;6D"
        },
        "0xf729-0x40000" : {
          "Action" : 10,
          "Text" : "[1;5H"
        },
        "0xf706-0x20000" : {
          "Action" : 10,
          "Text" : "[1;2R"
        },
        "0x34-0x40000" : {
          "Action" : 11,
          "Text" : "0x1c"
        },
        "0x2d-0x40000" : {
          "Action" : 11,
          "Text" : "0x1f"
        },
        "0xf70e-0x20000" : {
          "Action" : 10,
          "Text" : "[23;2~"
        },
        "0xf702-0x220000" : {
          "Action" : 10,
          "Text" : "[1;2D"
        },
        "0xf707-0x20000" : {
          "Action" : 10,
          "Text" : "[1;2S"
        },
        "0xf700-0x240000" : {
          "Action" : 10,
          "Text" : "[1;5A"
        },
        "0xf70a-0x20000" : {
          "Action" : 10,
          "Text" : "[18;2~"
        },
        "0x35-0x40000" : {
          "Action" : 11,
          "Text" : "0x1d"
        },
        "0xf70f-0x20000" : {
          "Action" : 10,
          "Text" : "[24;2~"
        },
        "0xf703-0x240000" : {
          "Action" : 10,