{
  "Profiles": [
    {
      "Name": "Personal",
      "Guid" : "60976B6A-DF67-4525-82B8-7914A4C17536",
      "Unlimited Scrollback" : true,
      "Terminal Type" : "xterm-256color",
      "Custom Directory" : "Recycle",
      "Use Bright Bold" : true,
      "Blinking Cursor" : false,
      "Non-ASCII Anti Aliased" : true,
      "ASCII Anti Aliased" : true,
      "Normal Font" : "Monaco 12",
      "Non Ascii Font" : "Monaco 12",
      "Use Italic Font" : true,
      "Use Non-ASCII Font" : false,
      "Character Encoding" : 4,
      "Ansi 12 Color" : {
        "Red Component" : 0.19607843137254902,
        "Color Space" : "sRGB",
        "Blue Component" : 0.9882352941176471,
        "Alpha Component" : 1,
        "Green Component" : 0.55686274509803924
      },
      "Ansi 1 Color" : {
        "Red Component" : 0.98039215686274506,
        "Color Space" : "sRGB",
        "Blue Component" : 0.27843137254901962,
        "Alpha Component" : 1,
        "Green Component" : 0.37254901960784315
      },
      "Ansi 8 Color" : {
        "Red Component" : 0.41960784313725491,
        "Color Space" : "sRGB",
        "Blue Component" : 0.41568627450980394,
        "Alpha Component" : 1,
        "Green Component" : 0.43137254901960786
      },
      "Bold Color" : {
        "Red Component" : 0.12549019607843137,
        "Color Space" : "sRGB",
        "Blue Component" : 0.14509803921568629,
        "Alpha Component" : 1,
        "Green Component" : 0.13725490196078433
      },
      "Ansi 9 Color" : {
        "Red Component" : 0.97254901960784312,
        "Color Space" : "sRGB",
        "Blue Component" : 0.29803921568627451,
        "Alpha Component" : 1,
        "Green Component" : 0.25490196078431371
      },
      "Ansi 7 Color" : {
        "Red Component" : 0.75294117647058822,
        "Color Space" : "sRGB",
        "Blue Component" : 0.75686274509803919,
        "Alpha Component" : 1,
        "Green Component" : 0.75294117647058822
      },
      "Ansi 10 Color" : {
        "Red Component" : 0.2196078431372549,
        "Color Space" : "sRGB",
        "Blue Component" : 0.28627450980392155,
        "Alpha Component" : 1,
        "Green Component" : 0.79607843137254897
      },
      "Ansi 15 Color" : {
        "Red Component" : 0.94509803921568625,
        "Color Space" : "sRGB",
        "Blue Component" : 0.94117647058823528,
        "Alpha Component" : 1,
        "Green Component" : 0.94509803921568625
      },
      "Foreground Color" : {
        "Red Component" : 0.13333333333333333,
        "Color Space" : "sRGB",
        "Blue Component" : 0.14509803921568629,
        "Alpha Component" : 1,
        "Green Component" : 0.12941176470588237
      },
      "Selection Color" : {
        "Red Component" : 0.30980392156862746,
        "Color Space" : "sRGB",
        "Blue Component" : 0.7686274509803922,
        "Alpha Component" : 1,
        "Green Component" : 0.7686274509803922
      },
      "Ansi 13 Color" : {
        "Red Component" : 0.92941176470588238,
        "Color Space" : "sRGB",
        "Blue Component" : 0.74117647058823533,
        "Alpha Component" : 1,
        "Green Component" : 0.2196078431372549
      },
      "Selected Text Color" : {
        "Red Component" : 0.94901960784313721,
        "Color Space" : "sRGB",
        "Blue Component" : 0.94117647058823528,
        "Alpha Component" : 1,
        "Green Component" : 0.94117647058823528
      },
      "Background Color" : {
        "Red Component" : 0.94509803921568625,
        "Color Space" : "sRGB",
        "Blue Component" : 0.94117647058823528,
        "Alpha Component" : 1,
        "Green Component" : 0.94117647058823528
      },
      "Ansi 11 Color" : {
        "Red Component" : 0.9454345703125,
        "Color Space" : "sRGB",
        "Blue Component" : 0.38962244987487793,
        "Alpha Component" : 1,
        "Green Component" : 0.82385066896677017
      },
      "Ansi 14 Color" : {
        "Red Component" : 0.30588235294117649,
        "Color Space" : "sRGB",
        "Blue Component" : 0.84313725490196079,
        "Alpha Component" : 1,
        "Green Component" : 0.85882352941176465
      },
      "Cursor Text Color" : {
        "Red Component" : 0.8901960784313725,
        "Color Space" : "sRGB",
        "Blue Component" : 0.8901960784313725,
        "Alpha Component" : 1,
        "Green Component" : 0.8901960784313725
      },
      "Cursor Color" : {
        "Red Component" : 0.12941176470588237,
        "Color Space" : "sRGB",
        "Blue Component" : 0.14509803921568629,
        "Alpha Component" : 1,
        "Green Component" : 0.13333333333333333
      },
      "Ansi 0 Color" : {
        "Red Component" : 0.13333333333333333,
        "Color Space" : "sRGB",
        "Blue Component" : 0.14509803921568629,
        "Alpha Component" : 1,
        "Green Component" : 0.13333333333333333
      },
      "Link Color" : {
        "Red Component" : 0.16078431372549021,
        "Color Space" : "sRGB",
        "Blue Component" : 0.84313725490196079,
        "Alpha Component" : 1,
        "Green Component" : 0.46274509803921571
      },
      "Ansi 6 Color" : {
        "Red Component" : 0.32156862745098042,
        "Color Space" : "sRGB",
        "Blue Component" : 0.80000000000000004,
        "Alpha Component" : 1,
        "Green Component" : 0.80000000000000004
      },
      "Ansi 2 Color" : {
        "Red Component" : 0.29019607843137257,
        "Color Space" : "sRGB",
        "Blue Component" : 0.5490196078431373,
        "Alpha Component" : 1,
        "Green Component" : 0.63529411764705879
      },
      "Ansi 3 Color" : {
        "Red Component" : 0.85101318359375,
        "Color Space" : "sRGB",
        "Blue Component" : 0.34977556020021439,
        "Alpha Component" : 1,
        "Green Component" : 0.74208639171797586
      },
      "Ansi 4 Color" : {
        "Red Component" : 0.16862745098039217,
        "Color Space" : "sRGB",
        "Blue Component" : 0.84313725490196079,
        "Alpha Component" : 1,
        "Green Component" : 0.46274509803921571
      },
      "Ansi 5 Color" : {
        "Red Component" : 0.69411764705882351,
        "Color Space" : "sRGB",
        "Blue Component" : 0.79607843137254897,
        "Alpha Component" : 1,
        "Green Component" : 0.21176470588235294
      },
      "Keyboard Map" : {
        "0xf700-0x260000" : {
          "Action" : 10,
          "Text" : "[1;6A"
        },
        "0x37-0x40000" : {
          "Action" : 11,
          "Text" : "0x1f"
        },
        "0x32-0x40000" : {
          "Action" : 11,
          "Text" : "0x00"
        },
        "0xf709-0x20000" : {
          "Action" : 10,
          "Text" : "[17;2~"
        },
        "0xf70c-0x20000" : {
          "Action" : 10,
          "Text" : "[20;2~"
        },
        "0xf729-0x20000" : {
          "Action" : 10,
          "Text" : "[1;2H"
        },
        "0xf72b-0x40000" : {
          "Action" : 10,
          "Text" : "[1;5F"
        },
        "0xf705-0x20000" : {
          "Action" : 10,
          "Text" : "[1;2Q"
        },
        "0xf703-0x260000" : {
          "Action" : 10,
          "Text" : "[1;6C"
        },
        "0xf700-0x220000" : {
          "Action" : 10,
          "Text" : "[1;2A"
        },
        "0x38-0x40000" : {
          "Action" : 11,
          "Text" : "0x7f"
        },
        "0x33-0x40000" : {
          "Action" : 11,
          "Text" : "0x1b"
        },
        "0xf703-0x220000" : {
          "Action" : 10,
          "Text" : "[1;2C"
        },
        "0xf701-0x240000" : {
          "Action" : 10,
          "Text" : "[1;5B"
        },
        "0xf70d-0x20000" : {
          "Action" : 10,
          "Text" : "[21;2~"
        },
        "0xf702-0x260000" : {
          "Action" : 10,
          "Text" : "[1;6D"
        },
        "0xf729-0x40000" : {
          "Action" : 10,
          "Text" : "[1;5H"
        },
        "0xf706-0x20000" : {
          "Action" : 10,
          "Text" : "[1;2R"
        },